SN2006cl,SNF20060520-011
SN2006cn,SNF20060524-023
SN2006cu,SNF20060529-001
SN2006cv,SNF20060601-002
SN2006cw,SNF20060601-008
SN2006df,SNF20060616-022
SN2006dx,SNF20060719-035
SN2006ih,SNF20060912-009
SN2006in,SNF20060914-023
SN2006ir,SNF20060923-004
SN2006ld,SNF20061019-003
SN2006lh,SNF20061024-009
SN2006nq,SNF20061113-003
SN2006qt,SNF20061011-006
SN2006rc,SNF20061024-006
SN2006rh,SNF20061105-004
SN2006rj,SNF20061106-001
SN2006rk,SNF20061106-004
SN2006rp,SNF20061109-010
SN2006rq,SNF20061109-013
SN2006rr,SNF20061110-006
SN2006rt,SNF20061111-015
SN2006ru,SNF20061111-003
SN2006rx,SNF20061117-000
SN2006ry,SNF20061117-002
SN2007bo,SNF20070326-010
SN2007bp,SNF20070326-005
SN2007br,SNF20070404-011
SN2007bs,SNF20070408-014
SN2007bt,SNF20070417-006
SN2007bu,SNF20070418-014
SN2007bw,SNF20070418-020
SN2007bx,SNF20070419-010
SN2007by,SNF20070422-006
SN2007dp,SNF20070427-003
SN2007dq,SNF20070427-008
SN2007dy,SNF20070513-007
SN2007eb,SNF20070517-014
SN2007ed,SNF20070526-001
SN2007ef,SNF20070528-004
SN2007eh,SNF20070530-000
SN2007el,SNF20070604-003
SN2007em,SNF20070605-005
SN2007eq,SNF20070613-004
SN2007er,SNF20070617-002
SN2007es,SNF20070626-009
SN2007et,SNF20070626-002
SN2007ew,SNF20070628-009
SN2007fa,SNF20070630-007
SN2007fe,SNF20070630-010
SN2007fg,SNF20070703-008
SN2007fj,SNF20070706-003
SN2007fk,SNF20070708-003
SN2007fl,SNF20070708-001
SN2007fm,SNF20070708-002
SN2007fn,SNF20070708-004
SN2007fw,SNF20070714-005
SN2007gg,SNF20070728-003
SN2007gh,SNF20070729-001
SN2007gl,SNF20070803-008
SN2007gm,SNF20070805-004
SN2007gs,SNF20070815-007
SN2007gx,SNF20070809-001
SN2007gy,SNF20070819-008
SN2007gz,SNF20070820-005
SN2007hb,SNF20070824-017
SN2007hi,SNF20070826-004
SN2007hl,SNF20070831-027
SN2007hr,SNF20070901-015
SN2007hs,SNF20070902-011
